Title,Company,Link
"Senior Full Stack Developer","Dash Hudson
                        via
Alongside","https://stackoverflow.com/jobs/536073/senior-full-stack-developer-dash-hudson?a=2TMv9ZtONhqU&so=i&pg=1&offset=0&total=105&so_medium=Internal&so_source=JobSearch&q=python&r=true"
"Senior Software Engineer - Python","Andela","https://stackoverflow.com/jobs/528156/senior-software-engineer-python-andela?a=2R7SJs6TnhSM&so=i&pg=1&offset=1&total=105&so_medium=Internal&so_source=JobSearch&q=python&r=true"
"Python Developer (Remote)","X-Team","https://stackoverflow.com/jobs/534454/python-developer-remote-x-team?a=2TePQRn14hTq&so=i&pg=1&offset=2&total=105&so_medium=Internal&so_source=JobSearch&q=python&r=true"
"Software Engineer, Integration QA, Python","Canonical","https://stackoverflow.com/jobs/451978/software-engineer-integration-qa-python-canonical?a=2rzVe13m4wXm&so=i&pg=1&offset=3&total=105&so_medium=Internal&so_source=JobSearch&q=python&r=true"
"Senior Open Source Developer & DevOps (Python, Django, AWS, OpenStack)","OpenCraft","https://stackoverflow.com/jobs/453430/senior-open-source-developer-devops-python-opencraft?a=2s475d4WIn4I&so=i&pg=1&offset=4&total=105&so_medium=Internal&so_source=JobSearch&q=python&r=true"
"Senior Software Engineer, Integration QA, Python","Canonical","https://stackoverflow.com/jobs/519661/senior-software-engineer-integration-qa-python-canonical?a=2OhfkCQ9ChCE&so=i&pg=1&offset=5&total=105&so_medium=Internal&so_source=JobSearch&q=python&r=true"
"Blockchain Engineer (Rust, Python, C#)","Gluwa","https://stackoverflow.com/jobs/538079/blockchain-engineer-rust-python-c-sharp-gluwa?a=2Usd3cOiO2ha&so=i&pg=1&offset=6&total=105&so_medium=Internal&so_source=JobSearch&q=python&r=true"
"Software Engineer - Python - Optimise Ubuntu for Public Clouds","Canonical","https://stackoverflow.com/jobs/532909/software-engineer-python-optimise-ubuntu-for-canonical?a=2SII6nxmFzA4&so=i&pg=1&offset=7&total=105&so_medium=Internal&so_source=JobSearch&q=python&r=true"
"Разработчик на R / Java / C / Python","Conjoint.ly","https://stackoverflow.com/jobs/529461/%D1%80%D0%B0%D0%B7%D1%80%D0%B0%D0%B1%D0%BE%D1%82%D1%87%D0%B8%D0%BA-%D0%BD%D0%B0-r-java-c-python-conjointly?a=2Rz15fZm52la&so=i&pg=1&offset=8&total=105&so_medium=Internal&so_source=JobSearch&q=python&r=true"
"Business/Data Analyst (Python/Jupyter/Pandas/Numpy)","Hummingbot","https://stackoverflow.com/jobs/534273/business-data-analyst-python-jupyter-pandas-hummingbot?a=2Tb4vVnAqoq4&so=i&pg=1&offset=9&total=105&so_medium=Internal&so_source=JobSearch&q=python&r=true"
"Senior Full-stack Engineer","ApolloFactor, Inc","https://stackoverflow.com/jobs/521213/senior-full-stack-engineer-apollofactor-inc?a=2ONw6BlzDc0U&so=i&pg=1&offset=10&total=105&so_medium=Internal&so_source=JobSearch&q=python&r=true"
"Backend Developer (Django)","Self Decode","https://stackoverflow.com/jobs/529107/backend-developer-django-self-decode?a=2RrEIOcNMC3u&so=i&pg=1&offset=11&total=105&so_medium=Internal&so_source=JobSearch&q=python&r=true"
"Experienced Backend Engineer - Node.js (JavaScript or TypeScript) - Remote","Theorem, LLC","https://stackoverflow.com/jobs/537112/experienced-backend-engineer-nodejs-theorem-llc?a=2U86AZL65CQU&so=i&pg=1&offset=12&total=105&so_medium=Internal&so_source=JobSearch&q=python&r=true"
"Software Engineer - Backend Platform","SWIMLANE INC","https://stackoverflow.com/jobs/535572/software-engineer-backend-platform-swimlane-inc?a=2TC58a6OT7nG&so=i&pg=1&offset=13&total=105&so_medium=Internal&so_source=JobSearch&q=python&r=true"
"Backend Software Engineer","Actio","https://stackoverflow.com/jobs/534710/backend-software-engineer-actio?a=2Tk9SnIOJZ4s&so=i&pg=1&offset=14&total=105&so_medium=Internal&so_source=JobSearch&q=python&r=true"
"Full stack software engineer","Ailo","https://stackoverflow.com/jobs/372382/full-stack-software-engineer-ailo?a=20STnibXomgU&so=i&pg=1&offset=15&total=105&so_medium=Internal&so_source=JobSearch&q=python&r=true"
"Full Stack Developer (Django + React)","Self Decode","https://stackoverflow.com/jobs/524866/full-stack-developer-django-plus-react-self-decode?a=2Q1toVtVPIIg&so=i&pg=1&offset=16&total=105&so_medium=Internal&so_source=JobSearch&q=python&r=true"
"Backend Engineer","Tessian","https://stackoverflow.com/jobs/537437/backend-engineer-tessian?a=2UeRzxk2y6eQ&so=i&pg=1&offset=17&total=105&so_medium=Internal&so_source=JobSearch&q=python&r=true"
"Senior Software Engineer needed to battle censorship worldwide.","Brave New Software Project, Inc.","https://stackoverflow.com/jobs/516114/senior-software-engineer-needed-to-battle-brave-new-software-project?a=2N5uQDMaHuLu&so=i&pg=1&offset=18&total=105&so_medium=Internal&so_source=JobSearch&q=python&r=true"
"Backend Developer (Node.js, Postgres, AWS)","Fretello GmbH","https://stackoverflow.com/jobs/533110/backend-developer-nodejs-postgres-aws-fretello-gmbh?a=2SMTdS1yMSI0&so=i&pg=1&offset=19&total=105&so_medium=Internal&so_source=JobSearch&q=python&r=true"
"Senior Backend Engineer","Tessian","https://stackoverflow.com/jobs/536873/senior-backend-engineer-tessian?a=2U38ufkrLPA4&so=i&pg=1&offset=20&total=105&so_medium=Internal&so_source=JobSearch&q=python&r=true"
"*REMOTE* Lead (Senior) Kotlin & Java Engineer (m/f/x) High-Load Search-Engine","AVANTGARDE - "Creating Fans"","https://stackoverflow.com/jobs/529656/remote-lead-senior-kotlin-java-engineer-m-avantgarde-creating-fans?a=2RD4tbkjXjYk&so=i&pg=1&offset=21&total=105&so_medium=Internal&so_source=JobSearch&q=python&r=true"
"Senior Research Software Engineer (remote/onsite)","BeamNG GmbH","https://stackoverflow.com/jobs/533655/senior-research-software-engineer-remote-onsite-beamng-gmbh?a=2SYdOx2VsUik&so=i&pg=1&offset=22&total=105&so_medium=Internal&so_source=JobSearch&q=python&r=true"
"Site Reliability Engineer (Full-Remote in Japan*)","PayPay Corporation.","https://stackoverflow.com/jobs/526678/site-reliability-engineer-full-remote-in-japan-paypay-corporation?a=2QD9m8rj10C4&so=i&pg=1&offset=23&total=105&so_medium=Internal&so_source=JobSearch&q=python&r=true"
"Back-end Engineer (Full-Remote in Japan*)","PayPay Corporation.","https://stackoverflow.com/jobs/291980/back-end-engineer-full-remote-in-japan-paypay-corporation?a=1zV6sKkHuBUs&so=i&pg=1&offset=24&total=105&so_medium=Internal&so_source=JobSearch&q=python&r=true"
"Senior Open Source Software Engineer (Python)","Ethyca","https://weworkremotely.com/remote-jobs/ethyca-senior-open-source-software-engineer-python"
"Senior Open Source Developer & DevOps (Python, Django, React, AWS/OpenStack)","OpenCraft","https://weworkremotely.com/remote-jobs/opencraft-senior-open-source-developer-devops-python-django-react-aws-openstack"
"Senior Full-Stack (Python React) Engineer","Synergy Sports","https://weworkremotely.com/remote-jobs/synergy-sports-senior-full-stack-python-react-engineer-2"
"Full Stack Engineer - Python","Ukufu","https://weworkremotely.com/remote-jobs/ukufu-full-stack-engineer-python"
"Senior Python and Machine Learning Engineer - Remote - EU Time Zone","CVEDIA","https://weworkremotely.com/remote-jobs/cvedia-senior-python-and-machine-learning-engineer-remote-eu-time-zone"
"Experienced Python or Ruby Product Engineer","Simple Thread","https://weworkremotely.com/remote-jobs/simple-thread-experienced-python-or-ruby-product-engineer-1"
"Remote Python QA Engineer (m/f/d)","much. GmbH","https://weworkremotely.com/remote-jobs/much-gmbh-remote-python-qa-engineer-m-f-d-1"
"Full Stack Developer (Python & Vue.js)","Motoinsight","https://weworkremotely.com/remote-jobs/motoinsight-full-stack-developer-python-vue-js"
"Django/Python Software Engineer (UK Remote)","Valla","https://weworkremotely.com/remote-jobs/valla-django-python-software-engineer-uk-remote"
"Senior Full-Stack Dev - (React + NodeJS / Go / Python) - Remote","Mintensive","https://weworkremotely.com/listings/mintensive-senior-full-stack-dev-react-nodejs-go-python-remote"
"(Senior) Python Full Stack Software Developer","Optimile","https://weworkremotely.com/remote-jobs/optimile-senior-python-full-stack-software-developer"
"Python Data Engineer ","Parse.ly","https://weworkremotely.com/remote-jobs/parse-ly-python-data-engineer-2"
"Python App Developer / Modernizing the electric grid","GridUnity","https://weworkremotely.com/remote-jobs/gridunity-python-app-developer-modernizing-the-electric-grid"
"Senior Python Developer","Globus AI","https://weworkremotely.com/remote-jobs/globus-ai-senior-python-developer"
"Senior Backend Engineer - Python","TestGorilla","https://weworkremotely.com/remote-jobs/testgorilla-senior-backend-engineer-python"
"Python + Django Software Engineer (Remote)","WP Media","https://weworkremotely.com/remote-jobs/wp-media-python-django-software-engineer-remote-1"
"Python/Django Developer (Remote)","Soshace LLC","https://weworkremotely.com/remote-jobs/soshace-llc-python-django-developer-remote"
"Software Engineer - Backend/Python (Americas & Europe -- 100% Remote)","Close","https://weworkremotely.com/remote-jobs/close-software-engineer-backend-python-americas-europe-100-remote"
"Python Developer","X-Team","https://weworkremotely.com/remote-jobs/x-team-python-developer-2"
"Senior Python Developer - Remote","Ebury","https://weworkremotely.com/remote-jobs/ebury-senior-python-developer-remote-1"
"Python Developer","RealtyMogul","https://weworkremotely.com/remote-jobs/realtymogul-python-developer"
"Engineering Team Lead - Python","RealtyMogul","https://weworkremotely.com/remote-jobs/realtymogul-engineering-team-lead-python"
"Senior Backend Software Engineer Python","crate.io","https://remoteok.io/remote-jobs/105108-remote-senior-backend-software-engineer-python-crate-io"
"Senior Software Engineer","Fugue, Inc","https://remoteok.io/remote-jobs/105085-remote-senior-software-engineer-fugue-inc"
"Senior Staff Engineer","Shopify","https://remoteok.io/remote-jobs/104049-remote-senior-staff-engineer-shopify"
"Senior Software Development Manager","Shopify","https://remoteok.io/remote-jobs/104044-remote-senior-software-development-manager-shopify"
"Backend Software Engineer","Argyle [PyJobs]","https://remoteok.io/remote-jobs/105124-remote-backend-software-engineer-argyle-pyjobs"
"Senior Backend Python Developer","FeedStock","https://remoteok.io/remote-jobs/105112-remote-senior-backend-python-developer-feedstock"
"Software Engineer","Metrika Inc.","https://remoteok.io/remote-jobs/105107-remote-software-engineer-metrika-inc"
"Senior Python Engineer","Clevertech","https://remoteok.io/remote-jobs/104882-remote-senior-python-engineer-clevertech"
"Lead Backend Developer","Remotesome","https://remoteok.io/remote-jobs/104744-remote-lead-backend-developer-remotesome"
"Senior Python Developer","Theme Analytics","https://remoteok.io/remote-jobs/104715-remote-senior-python-developer-theme-analytics"
"Senior Fullstack Engineer","Remotesome","https://remoteok.io/remote-jobs/104605-remote-senior-fullstack-engineer-remotesome"
"Software Engineer Backend Python (Amer","Close","https://remoteok.io/remote-jobs/104218-remote-software-engineer-backend-python-amer-close"
"Senior Software Engineer","Administrate","https://remoteok.io/remote-jobs/102166-remote-senior-software-engineer-administrate"
"Senior Full Stack Engineer","Divvy Homes","https://remoteok.io/remote-jobs/104923-remote-senior-full-stack-engineer-divvy-homes"
"Senior Data Scientist","Divvy Homes","https://remoteok.io/remote-jobs/104922-remote-senior-data-scientist-divvy-homes"
"Strategic Partner Manager","Gorgias","https://remoteok.io/remote-jobs/104921-remote-strategic-partner-manager-gorgias"
"Senior Fullstack Engineer Python JavaScript","Gorgias","https://remoteok.io/remote-jobs/104920-remote-senior-fullstack-engineer-python-js-gorgias"
"Python Back End Developer TNX Logistics 100","Transporeon","https://remoteok.io/remote-jobs/104861-remote-python-back-end-developer-tnx-logistics-100-transporeon"
"Systems Engineer","Tucows","https://remoteok.io/remote-jobs/104533-remote-systems-engineer-tucows"
"React.js Developer","Appsilon","https://remoteok.io/remote-jobs/104503-remote-react-js-developer-appsilon"
"Full Stack Developer","AMNESIA media","https://remoteok.io/remote-jobs/104488-remote-full-stack-developer-amnesia-media"
"Full Stack Software Engineer","GooseChase","https://remoteok.io/remote-jobs/104445-remote-full-stack-software-engineer-goosechase"
"Senior Python Django Engineer","Ten Spot","https://remoteok.io/remote-jobs/104135-remote-senior-python-django-engineer-ten-spot"
"Senior Backend Engineer","Remotesome","https://remoteok.io/remote-jobs/104111-remote-senior-backend-engineer-remotesome"
"Software Engineer","Argyle","https://remoteok.io/remote-jobs/104012-remote-software-engineer-argyle"
"DevOps Software Engineer","The Linux Foundation","https://remoteok.io/remote-jobs/103999-remote-devops-software-engineer-the-linux-foundation"
"Senior Software Engineer","Sugar","https://remoteok.io/remote-jobs/103910-remote-senior-software-engineer-sugar"
"Django Developer","Toptal","https://remoteok.io/remote-jobs/103865-remote-django-developer-toptal"
"Senior Software Engineer","JUMO","https://remoteok.io/remote-jobs/103829-remote-senior-software-engineer-jumo"
"Senior Backend Software Developer","Jungle Scout","https://remoteok.io/remote-jobs/103790-remote-senior-backend-software-developer-jungle-scout"
"Python Software Engineer","Vizibl","https://remoteok.io/remote-jobs/103724-remote-python-software-engineer-vizibl"
"Software Engineer Data Infra","Doximity","https://remoteok.io/remote-jobs/103575-remote-software-engineer-data-infra-doximity"
"Backend Web Developer","Kettle","https://remoteok.io/remote-jobs/103568-remote-backend-web-developer-kettle"
"Protocol Engineer","Status","https://remoteok.io/remote-jobs/103514-remote-protocol-engineer-status"
"Python Developer","Ampcontrol","https://remoteok.io/remote-jobs/103491-remote-python-developer-ampcontrol"
"Software Engineer","Argyle","https://remoteok.io/remote-jobs/103424-remote-software-engineer-argyle"
"Senior Software Engineer","Administrate","https://remoteok.io/remote-jobs/103216-remote-senior-software-engineer-administrate"
"Senior Open Source Developer DevOps","OpenCraft","https://remoteok.io/remote-jobs/103181-remote-senior-open-source-developer-devops-opencraft"
"Lead Salesforce Developer","Georgia Institute of Technology","https://remoteok.io/remote-jobs/103115-remote-lead-salesforce-developer-georgia-institute-of-technology"
"Senior Fullstack Python Developer","Backtracks.fm","https://remoteok.io/remote-jobs/102525-remote-senior-fullstack-python-developer-backtracks-fm"
"Senior C++ Developer","Flightradar24","https://remoteok.io/remote-jobs/102386-remote-senior-c-plus-plus-developer-flightradar24"
"Senior Backend Engineers","Argyle","https://remoteok.io/remote-jobs/102322-remote-senior-backend-engineers-argyle"
"Software Engineer","Argyle","https://remoteok.io/remote-jobs/102320-remote-software-engineer-argyle"
"Sr Software Engineer Data Infra","Doximity","https://remoteok.io/remote-jobs/102138-remote-sr-software-engineer-data-infra-doximity"
"Backend Software Engineer","Nav Inc","https://remoteok.io/remote-jobs/102132-remote-backend-software-engineer-nav-inc"
"Senior Software Engineer","Splitgraph","https://remoteok.io/remote-jobs/102104-remote-senior-software-engineer-splitgraph"
"Software Engineer Full Stack","Mainvest","https://remoteok.io/remote-jobs/102003-remote-software-engineer-full-stack-mainvest"
"Manager Toolchain Software Engineering","DataKitchen","https://remoteok.io/remote-jobs/101765-remote-manager-toolchain-software-engineering-datakitchen"
"Senior Backend Software Engineers","Argyle","https://remoteok.io/remote-jobs/101553-remote-senior-backend-software-engineers-argyle"
"Senior Software Engineer","Muck Rack","https://remoteok.io/remote-jobs/101485-remote-senior-software-engineer-muck-rack"
"Senior Python Django Developer","ZibaSec","https://remoteok.io/remote-jobs/101445-remote-senior-python-django-developer-zibasec"
"Senior Software Engineer","Muck Rack","https://remoteok.io/remote-jobs/101377-remote-senior-software-engineer-muck-rack"
"Senior Software Engineer","Administrate","https://remoteok.io/remote-jobs/101155-remote-senior-software-engineer-administrate"
"Senior Software Engineer","Welcome","https://remoteok.io/remote-jobs/101139-remote-senior-software-engineer-welcome"
"Software Engineer","Argyle","https://remoteok.io/remote-jobs/100929-remote-software-engineer-argyle"
"DevOps Software Engineer","The Linux Foundation","https://remoteok.io/remote-jobs/100705-remote-devops-software-engineer-the-linux-foundation"
"Senior Python Engineer","DataKitchen","https://remoteok.io/remote-jobs/100682-remote-senior-python-engineer-datakitchen"
"Software Engineer","Ampcontrol.io","https://remoteok.io/remote-jobs/100578-remote-software-engineer-ampcontrol-io"
"Full Stack Developer","HelloMaaS","https://remoteok.io/remote-jobs/100554-remote-full-stack-developer-hellomaas"
"Web Developer","LearnCube","https://remoteok.io/remote-jobs/100457-remote-web-developer-learncube"
"Senior Software Engineer","NannyML","https://remoteok.io/remote-jobs/100441-remote-senior-software-engineer-nannyml"
"Full Stack Developer","Earning Together","https://remoteok.io/remote-jobs/100005-remote-full-stack-developer-earning-together"
"Python Engineer","Intent Technologies","https://remoteok.io/remote-jobs/100003-remote-python-engineer-intent-technologies"
"Senior Developer","Toptal","https://remoteok.io/remote-jobs/99898-remote-senior-developer-toptal"
"Senior Backend Developer","Clarity Movement Co.","https://remoteok.io/remote-jobs/99896-remote-senior-backend-developer-clarity-movement-co"
"Backend Developer Data Scientist","komoot","https://remoteok.io/remote-jobs/99798-remote-backend-developer-data-scientist-komoot"
"Senior Front End Developer","PolySwarm","https://remoteok.io/remote-jobs/99794-remote-senior-front-end-developer-polyswarm"
"Senior Software Engineer","JetBridge","https://remoteok.io/remote-jobs/99792-remote-senior-software-engineer-jetbridge"
"Sr Software Engineer React React Native","Very LLC","https://remoteok.io/remote-jobs/99730-remote-sr-software-engineer-react-react-native-very-llc"
"Senior Full Stack Engineer","GooseChase","https://remoteok.io/remote-jobs/99701-remote-senior-full-stack-engineer-goosechase"
"Back End Developer","InReach Ventures","https://remoteok.io/remote-jobs/99530-remote-back-end-developer-inreach-ventures"
"Senior Back End Engineer","Beyond Pricing","https://remoteok.io/remote-jobs/99409-remote-senior-back-end-engineer-beyond-pricing"
"Senior Software Engineer","Muck Rack","https://remoteok.io/remote-jobs/99378-remote-senior-software-engineer-muck-rack"
"Senior Software Engineer","Netdata Inc","https://remoteok.io/remote-jobs/99258-remote-senior-software-engineer-netdata-inc"
"Senior Software Engineer","Iterative","https://remoteok.io/remote-jobs/99244-remote-senior-software-engineer-iterative"
"Lead Back End Developer","Simpleweb","https://remoteok.io/remote-jobs/99178-remote-lead-back-end-developer-simpleweb"
"Full Stack Developer","Coconut ","https://remoteok.io/remote-jobs/99168-remote-full-stack-developer-coconut"
"Freelance Backend Developer","Toptal","https://remoteok.io/remote-jobs/99118-remote-freelance-backend-developer-remote-toptal"
"Lead Full Stack Software Engineer","Prominent Edge","https://remoteok.io/remote-jobs/97397-remote-lead-full-stack-software-engineer-prominent-edge"
"Full Stack Python JavaScript Developer","Fjelltopp","https://remoteok.io/remote-jobs/97053-remote-full-stack-python-js-developer-fjelltopp"
"Python + Django Software Engineer","WP Media","https://remoteok.io/remote-jobs/96938-remote-python-django-software-engineer-wp-media"
"Software Engineer Security","Doximity","https://remoteok.io/remote-jobs/86398-remote-software-engineer-security-doximity"
"Django Developer","Mainvest","https://remoteok.io/remote-jobs/86390-remote-django-developer-mainvest"
"Software Engineer","PrintWithMe, Inc.","https://remoteok.io/remote-jobs/86265-remote-software-engineer-printwithme-inc"
"Python Developer","Backtracks.fm","https://remoteok.io/remote-jobs/86257-remote-python-developer-backtracks-fm"
"Senior Full Stack Django Python Developer","Uncommon Giving","https://remoteok.io/remote-jobs/104451-remote-senior-full-stack-django-python-developer-uncommon-giving"
"Software Developer Python","Univention","https://remoteok.io/remote-jobs/104178-remote-software-developer-python-univention"
"Python Backend Developer","Cobblestone Energy","https://remoteok.io/remote-jobs/103955-remote-python-backend-developer-cobblestone-energy"
"Python Developer","SKY Group","https://remoteok.io/remote-jobs/103689-remote-python-developer-sky-group"
"Python Developer","IMS","https://remoteok.io/remote-jobs/103665-remote-python-developer-ims"
"Python Backend Developer","Werum IT Solutions -yght Data Science","https://remoteok.io/remote-jobs/103614-remote-python-backend-developer-werum-it-solutions-yght-data-science"
"Senior Python Developer Itemize","FinTech AI Company","https://remoteok.io/remote-jobs/103495-remote-senior-python-developer-itemize-fintech-ai-company"
"Senior Software Engineer Python","Genesys","https://remoteok.io/remote-jobs/103305-remote-senior-software-engineer-python-genesys"
"Enthousiastic Full Stack Developer With A Python Django Preference","Apicbase Belgium","https://remoteok.io/remote-jobs/103040-remote-enthousiastic-full-stack-developer-with-a-python-django-preference-apicbase-belgium"
"Python Backend Developer","Favox","https://remoteok.io/remote-jobs/102836-remote-python-backend-developer-favox"
"Senior Python Developer","CitNOW Video","https://remoteok.io/remote-jobs/102832-remote-senior-python-developer-citnow-video"
"Senior Python Developer","ACCURE Battery Intelligence","https://remoteok.io/remote-jobs/102594-remote-senior-python-developer-accure-battery-intelligence"
"Python Developer","Etiometry","https://remoteok.io/remote-jobs/102245-remote-python-developer-etiometry"
"Senior Full Stack Django Python Developer","Share Edge","https://remoteok.io/remote-jobs/102097-remote-senior-full-stack-django-python-developer-share-edge"
"Senior Python Developer","Ambient Innovation","https://remoteok.io/remote-jobs/101685-remote-senior-python-developer-ambient-innovation"
"Python Developer","Pentalog","https://remoteok.io/remote-jobs/100839-remote-python-developer-pentalog"
"Python Web Developer","RavenPack International SL","https://remoteok.io/remote-jobs/100836-remote-python-web-developer-ravenpack-international-sl"
"Jr Mid React Python Developer","Compugain","https://remoteok.io/remote-jobs/100695-remote-jr-mid-react-python-developer-compugain"
"Python Developer","Mako Medical","https://remoteok.io/remote-jobs/99941-remote-python-developer-mako-medical"
"Python Developer","CMAS Systems","https://remoteok.io/remote-jobs/99676-remote-python-developer-cmas-systems"
"Senior Python Developer","Findaway World","https://remoteok.io/remote-jobs/99575-remote-senior-python-developer-findaway-world"
"Python C Developer","HealthLumen","https://remoteok.io/remote-jobs/99294-remote-python-c-developer-healthlumen"
"Senior Python Developer","Findaway","https://remoteok.io/remote-jobs/99062-remote-senior-python-developer-findaway"
"Python Developer","BairesDev","https://remoteok.io/remote-jobs/98788-remote-python-developer-bairesdev"
"SR Django Developer","Trafilea","https://remoteok.io/remote-jobs/98666-remote-sr-django-developer-trafilea"
"Senior Software Engineer Python Tornado Amazon Web Services","Verys","https://remoteok.io/remote-jobs/98654-remote-senior-software-engineer-python-tornado-aws-verys"
"Python Developer","YouGov","https://remoteok.io/remote-jobs/98637-remote-python-developer-yougov"
"Principal Python Software Developer","Railroad19","https://remoteok.io/remote-jobs/98621-remote-principal-python-software-developer-railroad19"
"Experienced Python Developer","ShipHero","https://remoteok.io/remote-jobs/98580-remote-experienced-python-developer-shiphero"
"Senior Full Stack Python Developer","REPAY","https://remoteok.io/remote-jobs/98420-remote-senior-full-stack-python-developer-repay"
"Senior Python Developer","Adspert Bidmanagement","https://remoteok.io/remote-jobs/98409-remote-senior-python-developer-adspert-bidmanagement"
"Expert Django Developer","AppEvolve","https://remoteok.io/remote-jobs/98165-remote-expert-django-developer-appevolve"
"Python Developer","PeopleDoc","https://remoteok.io/remote-jobs/98046-remote-python-developer-peopledoc"
"Senior Python Developer","Flashpoint","https://remoteok.io/remote-jobs/97840-remote-senior-python-developer-flashpoint"
"Python Developer","UCRAFT","https://remoteok.io/remote-jobs/97815-remote-python-developer-ucraft"
"Python Developer","Upstack","https://remoteok.io/remote-jobs/97638-remote-python-developer-upstack"
"Python Full Stack Developer","REPAY","https://remoteok.io/remote-jobs/97466-remote-python-full-stack-developer-repay"
"Python Developer","Bitedge","https://remoteok.io/remote-jobs/97419-remote-python-developer-bitedge"
"Expert Django Developer","DjangoForce","https://remoteok.io/remote-jobs/97248-remote-expert-django-developer-djangoforce"
"Senior Software Engineer Python","Verys","https://remoteok.io/remote-jobs/97215-remote-senior-software-engineer-python-verys"
"Integrations Full Stack Python Developer","REPAY","https://remoteok.io/remote-jobs/97110-remote-integrations-full-stack-python-developer-repay"
"Senior Django Developer","Scalable Path","https://remoteok.io/remote-jobs/86775-remote-senior-django-developer-scalable-path"
"Senior Python Developer","We Are Common","https://remoteok.io/remote-jobs/86754-remote-senior-python-developer-we-are-common"
"Jr Python Developer","AppEvolve","https://remoteok.io/remote-jobs/86685-remote-jr-python-developer-appevolve"
"Senior Software Engineer","Routable","https://remoteok.io/remote-jobs/86632-remote-senior-software-engineer-python-django-routable"
"Full Stack Developer Node.js Python Go Autonomy Flexibility New Team","Oscatel","https://remoteok.io/remote-jobs/87096-remote-full-stack-developer-node-js-python-go-autonomy-flexibility-new-team-oscatel"
"Senior Python Developer","Backtracks","https://remoteok.io/remote-jobs/87344-remote-senior-python-developer-backtracks"
"Python Django Developer","Scanslated","https://remoteok.io/remote-jobs/87085-remote-python-django-developer-scanslated"
"Senior Python Developer","X-Team","https://remoteok.io/remote-jobs/87002-remote-senior-python-developer-x-team"
"Independent Self Motivated Python Backend Developer","Seez","https://remoteok.io/remote-jobs/85325-remote-independent-self-motivated-python-backend-developer-seez"
"Senior Python Developer","Surge","https://remoteok.io/remote-jobs/85309-remote-senior-python-developer-surge"
